0,-0.001185634,0.001185634,0,0,0,0,0,0,0,0,-0.0005
-0.023,-0.000829687,0.004829687,0.0004,0,-0.0018,-0.0004,-0.0002,0.0001,0,-0.0137,0
-0.0237,-0.000473964,0.005973964,0.0008,0,-0.0036,-0.0008,-0.0001,0.0003,0,-0.0291,0
-0.0244,-0.000118464,0.007118464,0.0013,0,-0.0054,-0.0012,0,0.0004,0,-0.0331,0
-0.025,0.000236813,0.008163187,0.0017,0,-0.0071,-0.0016,0,0.0006,0,-0.0428,0
-0.0257,0.000591867,0.009308133,0.0021,0,-0.0089,-0.002,0.0001,0.0007,0,-0.0536,-0.6636
-0.0264,0.000946716,0.010253284,0.0025,0,-0.0107,-0.0024,0.0002,0.0009,0,-0.0547,0
-0.0272,0.001301355,0.011198645,0.003,0,-0.0125,-0.0028,0.0002,0.001,0,-0.0478,0
-0.0279,0.001655786,0.012144214,0.0034,0,-0.0143,-0.0032,0.0003,0.0012,0,-0.0498,0
-0.0284,0.002010008,0.012889992,0.0038,0,-0.0161,-0.0036,0.0003,0.0013,0,-0.1019,0
-0.0288,0.002364021,0.013435979,0.0042,0,-0.0178,-0.004,0.0004,0.0014,0,-0.1115,-0.06
-0.029,0.002835999,0.013864001,0.0047,0,-0.0196,-0.0044,0.0004,0.0016,0,-0.0159,-1.093
-0.029,0.003307702,0.013892298,0.0051,0,-0.0214,-0.0048,0.0005,0.0017,0,-0.0067,-0.2997
-0.0285,0.00377913,0.01382087,0.0055,0,-0.0232,-0.0052,0.0005,0.0019,0,-0.0181,-0.0931
-0.0275,0.004250282,0.013649718,0.0059,0,-0.025,-0.0056,0.0006,0.002,0,-0.0217,-0.0207
-0.0261,0.004721162,0.013378838,0.0064,0,-0.0268,-0.006,0.0007,0.0022,0,-0.0537,-0.0029
-0.0243,0.005074321,0.013125679,0.0068,0,-0.0285,-0.0064,0.0007,0.0023,0,-0.0479,0
-0.0221,0.005427351,0.012872649,0.0072,0,-0.0303,-0.0068,0.0008,0.0025,0,-0.0358,0
-0.0195,0.005780252,0.012519748,0.0076,0,-0.0321,-0.0072,0.0008,0.0026,0,0.0163,0
-0.0168,0.006133025,0.012166975,0.0081,0,-0.0339,-0.0076,0.0009,0.0027,0,0.0498,0
-0.014,0.00648567,0.01191433,0.0085,0,-0.0357,-0.008,0.0009,0.0029,0,0.0807,0
-0.0111,0.006838229,0.011561771,0.0089,0,-0.0375,-0.0084,0.001,0.003,0,0.055,0
-0.0083,0.007190664,0.011109336,0.0093,0,-0.0392,-0.0088,0.001,0.0032,0,0.0522,-0.0702
-0.0054,0.007542976,0.010657024,0.0098,0,-0.041,-0.0092,0.0011,0.0033,0,0.0158,-0.02
-0.003,0.007895165,0.010304835,0.0102,0,-0.0428,-0.0096,0.0012,0.0035,0,-0.0017,-0.0045
-0.0009,0.00824723,0.00985277,0.0106,0,-0.0446,-0.01,0.0012,0.0036,0,-0.0382,-0.0006
0.0009,0.008599226,0.009300774,0.011,0,-0.0464,-0.0104,0.0013,0.0038,0,-0.0447,0
0.0023,0.008951103,0.008848897,0.0114,0,-0.0482,-0.0108,0.0013,0.0039,0,-0.0362,0
0.0028,0.009302864,0.008497136,0.0119,0,-0.0499,-0.0112,0.0014,0.004,0,0.0167,-0.0671
0.0028,0.009654504,0.008145496,0.0123,0,-0.0517,-0.0116,0.0014,0.0042,0,-0.0341,-0.0705
0.0032,0.010006028,0.007693972,0.0127,0,-0.0535,-0.012,0.0015,0.0043,0,-0.069,-0.0182
0.0036,0.010357307,0.007342693,0.0131,0,-0.0553,-0.0124,0.0015,0.0045,0,-0.0573,-0.0037
0.0043,0.010708461,0.006991539,0.0136,0,-0.0571,-0.0128,0.0016,0.0046,0,-0.028,-0.0005
0.0063,0.011059486,0.006540514,0.014,0,-0.0589,-0.0132,0.0016,0.0048,0,-0.0653,-7.8574
0.0088,0.011410387,0.006289613,0.0144,0,-0.0606,-0.0136,0.0017,0.0049,0,-0.0586,-0.5222
0.0121,0.011761163,0.005938837,0.0148,0,-0.0624,-0.014,0.0017,0.0051,0,-0.0464,-0.1212
0.0165,0.012111517,0.005688483,0.0153,0,-0.0642,-0.0144,0.0018,0.0052,0,-0.0223,-0.027
0.0214,0.012461727,0.005538273,0.0157,0,-0.066,-0.0148,0.0018,0.0053,0,-0.0006,-0.002
0.0267,0.012811795,0.005488205,0.0161,0,-0.0678,-0.0152,0.0019,0.0055,0,0.0337,-0.133
0.0326,0.01316172,0.00533828,0.0165,0,-0.0696,-0.0156,0.0019,0.0056,0,-0.0331,-0.0413
0.0383,0.013511503,0.005488497,0.017,0,-0.0713,-0.016,0.002,0.0058,0,-0.0576,-0.0092
0.0441,0.013860804,0.005539196,0.0174,0,-0.0731,-0.0164,0.002,0.0059,0,-0.056,-0.0014
0.0498,0.014209948,0.005690052,0.0178,0,-0.0749,-0.0168,0.0021,0.0061,0,-0.0505,0
0.0552,0.01455893,0.00584107,0.0182,0,-0.0767,-0.0172,0.0021,0.0062,0,-0.065,0
0.0604,0.014907756,0.006292244,0.0187,0,-0.0785,-0.0176,0.0022,0.0064,0,-0.0639,-0.1565
0.0655,0.015256423,0.006643577,0.0191,0,-0.0803,-0.018,0.0022,0.0065,0,-0.0271,0
0.0702,0.01560474,0.00709526,0.0195,0,-0.082,-0.0184,0.0023,0.0066,0,-0.0332,-0.7805
0.0748,0.01595289,0.00744711,0.0199,0,-0.0838,-0.0188,0.0024,0.0068,0,-0.0432,-0.071
0.0792,0.016300876,0.007799124,0.0204,0,-0.0856,-0.0192,0.0024,0.0069,0,-0.0446,-0.0158
0.0835,0.016648695,0.008151305,0.0208,0,-0.0874,-0.0196,0.0025,0.0071,0,-0.0473,-0.0022
0.0877,0.016996346,0.008303654,0.0212,0,-0.0892,-0.02,0.0025,0.0072,0,-0.055,0
0.0917,0.017460879,0.008139121,0.0216,0,-0.091,-0.0204,0.0026,0.0074,0,-0.0213,-0.1538
0.0956,0.017925182,0.007974818,0.022,0,-0.0927,-0.0208,0.0027,0.0075,0,-0.0095,-0.0483
0.0994,0.01838926,0.00761074,0.0225,0,-0.0945,-0.0212,0.0027,0.0076,0,-0.033,-0.0108
0.1029,0.01885311,0.00724689,0.0229,0,-0.0963,-0.0216,0.0028,0.0078,0,-0.0402,-0.2304
0.1063,0.019316733,0.006783267,0.0233,0,-0.0981,-0.022,0.0029,0.0079,0,-0.046,-0.07
0.1093,0.019896036,0.006203964,0.0237,0,-0.0999,-0.0224,0.003,0.0081,0,-0.0364,-0.0156
0.1119,0.020474995,0.005625005,0.0242,0,-0.1017,-0.0228,0.003,0.0082,0,-0.0572,-0.002
0.1143,0.021053605,0.005046395,0.0246,0,-0.1035,-0.0232,0.0031,0.0084,0,-0.0652,0
0.1161,0.021631872,0.004568128,0.025,0,-0.1052,-0.0236,0.0032,0.0085,0,-0.0646,-6.9472
0.1174,0.022209793,0.004190207,0.0254,0,-0.107,-0.024,0.0033,0.0087,0,-0.0696,-2.2539
0.1183,0.022786248,0.003813752,0.0259,0,-0.1088,-0.0244,0.0033,0.0088,0,-0.0717,-0.8357
0.1185,0.023362305,0.003737695,0.0263,0,-0.1106,-0.0248,0.0034,0.0089,0,-0.0718,-0.3075
0.118,0.023937961,0.003762039,0.0267,0,-0.1124,-0.0252,0.0035,0.0091,0,-0.0692,-0.1089
0.1169,0.02451322,0.00398678,0.0271,0,-0.1142,-0.0256,0.0036,0.0092,0,-0.0641,0
0.1152,0.02508808,0.00441192,0.0276,0,-0.1159,-0.026,0.0037,0.0094,0,-0.062,-11.6287
0.1127,0.025545608,0.005154392,0.028,0,-0.1177,-0.0264,0.0038,0.0095,0,-0.0524,-4.5528
0.1103,0.02600281,0.00599719,0.0284,0,-0.1195,-0.0268,0.0038,0.0097,0,-0.0482,-2.4191
0.1074,0.026459683,0.007040317,0.0288,0,-0.1213,-0.0272,0.0039,0.0098,0,-0.053,-0.9152
0.104,0.026916232,0.008183768,0.0293,0,-0.1231,-0.0276,0.004,0.01,0,-0.0544,-0.3367
0.1013,0.027372451,0.009227549,0.0297,0,-0.1249,-0.028,0.0041,0.0101,0,-0.0592,-0.0391
0.0992,0.027943214,0.010156786,0.0301,0,-0.1266,-0.0284,0.0042,0.0102,0,-0.0649,0
0.0972,0.02851351,0.01108649,0.0305,0,-0.1284,-0.0288,0.0042,0.0104,0,-0.0659,0
0.0963,0.029083336,0.011816664,0.031,0,-0.1302,-0.0292,0.0043,0.0105,0,-0.068,0
0.0966,0.029652696,0.012547304,0.0314,0,-0.132,-0.0296,0.0044,0.0107,0,-0.0592,0
0.0977,0.030221589,0.012978411,0.0318,0,-0.1338,-0.03,0.0045,0.0108,0,-0.0518,0
0.0999,0.030793034,0.013306966,0.0322,0,-0.1356,-0.0304,0.0046,0.011,0,-0.0438,0
0.1031,0.031364128,0.013335872,0.0327,0,-0.1373,-0.0308,0.0046,0.0111,0,-0.0179,0
0.1059,0.03193487,0.01316513,0.0331,0,-0.1391,-0.0312,0.0047,0.0113,0,-0.0078,0
0.1088,0.03250526,0.01259474,0.0335,0,-0.1409,-0.0316,0.0048,0.0114,0,-0.006,0
0.1114,0.033075295,0.011624705,0.0339,0,-0.1427,-0.032,0.0049,0.0115,0,0.0015,0
0.1128,0.03365077,0.01024923,0.0343,0,-0.1445,-0.0324,0.005,0.0117,0,0.0015,-1.5378
0.1136,0.034226097,0.008273903,0.0348,0,-0.1463,-0.0328,0.0051,0.0118,0,-0.0196,-1.2285
0.1141,0.03480128,0.00599872,0.0352,0,-0.148,-0.0332,0.0051,0.012,0,-0.0345,-0.6051
0.1136,0.035376318,0.003523682,0.0356,0,-0.1498,-0.0336,0.0052,0.0121,0,-0.0381,-0.2225
0.113,0.035951205,0.001148795,0.036,0,-0.1516,-0.034,0.0053,0.0123,0,-0.0328,-4.9349
0.1124,0.03652077,-0.00082077,0.0365,0,-0.1534,-0.0344,0.0054,0.0124,0,0.0173,-1.445
0.1115,0.037090026,-0.001890026,0.0369,0,-0.1552,-0.0348,0.0055,0.0126,0,0.0548,-0.5226
0.1119,0.03765897,-0.00255897,0.0373,0,-0.157,-0.0352,0.0056,0.0127,0,0.0513,-0.1922
0.114,0.038227607,-0.002427607,0.0377,0,-0.1587,-0.0356,0.0057,0.0128,0,0.0279,-0.0694
0.117,0.03879593,-0.00179593,0.0382,0,-0.1605,-0.036,0.0058,0.013,0,0.0273,-0.0474
0.1211,0.03947317,-0.00117317,0.0386,0,-0.1623,-0.0364,0.0059,0.0131,0,0.0071,-0.0125
0.1272,0.040149823,-0.000549823,0.039,0,-0.1641,-0.0368,0.006,0.0133,0,-0.0058,-0.0028
0.1347,0.040825877,7.4123E-05,0.0394,0,-0.1659,-0.0372,0.0061,0.0134,0,-0.0134,-0.0518
0.1416,0.04150135,0.00039865,0.0399,0,-0.1677,-0.0376,0.0062,0.0136,0,-0.0238,-0.0139
0.1486,0.042176224,0.000623776,0.0403,0,-0.1694,-0.038,0.0063,0.0137,0,-0.026,-0.0032
0.155,0.042964745,0.000635255,0.0407,0,-0.1712,-0.0384,0.0064,0.0139,0,-0.0236,-0.0706
0.1596,0.043752532,0.000647468,0.0411,0,-0.173,-0.0388,0.0065,0.014,0,-0.0623,-0.02
0.1633,0.044539593,0.000560407,0.0416,0,-0.1748,-0.0392,0.0066,0.0141,0,-0.0181,-0.0045
0.1659,0.04532593,0.00047407,0.042,0,-0.1766,-0.0396,0.0067,0.0143,0,0.0431,-0.0006
0.1669,0.04611155,0.00028845,0.0424,0,-0.1784,-0.04,0.0068,0.0144,0,0.0244,-0.1
0.1665,0.04678403,0.00041597,0.0433,0,-0.1801,-0.0403,0.0069,0.0147,0,0.0157,-0.075
0.1657,0.047455974,0.000444026,0.0442,0,-0.1819,-0.0407,0.007,0.015,0,0.0203,-0.025
0.1641,0.048127376,0.000672624,0.0451,0,-0.1836,-0.041,0.0071,0.0153,0,0.0105,-0.025
0.1617,0.04879825,0.00100175,0.046,0,-0.1853,-0.0414,0.0072,0.0156,0,-0.0098,0
0.1596,0.049468588,0.001431412,0.0469,0,-0.1871,-0.0417,0.0073,0.0159,0,-0.027,-0.05
0.1578,0.050247286,0.001952714,0.0478,0,-0.1888,-0.042,0.0074,0.0161,0,-0.0374,-0.975
0.1561,0.05102518,0.00267482,0.0486,0,-0.1906,-0.0424,0.0076,0.0164,0,-0.0372,-1.5
0.155,0.051802266,0.003397734,0.0495,0,-0.1923,-0.0427,0.0077,0.0167,0,-0.0197,-0.725
0.1541,0.052578554,0.004221446,0.0504,0,-0.1941,-0.043,0.0078,0.017,0,-0.0066,-0.275
0.1536,0.053354044,0.004945956,0.0513,0,-0.1958,-0.0434,0.0079,0.0173,0,0.0293,-0.125
0.1532,0.05424153,0.00545847,0.0522,0,-0.1976,-0.0437,0.008,0.0176,0,0.0356,-0.075
0.153,0.055128053,0.005771947,0.0531,0,-0.1993,-0.044,0.0082,0.0178,0,0.0129,-0.35
0.1537,0.05601361,0.00618639,0.054,0,-0.2011,-0.0444,0.0083,0.0181,0,0.0056,-0.25
0.1555,0.056898206,0.006401794,0.0549,0,-0.2028,-0.0447,0.0084,0.0184,0,-0.0171,-0.125
0.158,0.057781834,0.006618166,0.0558,0,-0.2046,-0.045,0.0085,0.0187,0,-0.0183,-0.05
0.1616,0.058664154,0.006835846,0.0567,0,-0.2063,-0.0454,0.0087,0.019,0,-0.021,-0.025
0.1669,0.0595455,0.0071545,0.0576,0,-0.2081,-0.0457,0.0088,0.0193,0,-0.0366,0
0.1729,0.060425885,0.007674115,0.0585,0,-0.2098,-0.046,0.0089,0.0196,0,-0.0386,0
0.18,0.061305314,0.008194686,0.0594,0,-0.2115,-0.0464,0.009,0.0198,0,-0.0054,-0.025
0.1882,0.062183782,0.008916218,0.0602,0,-0.2133,-0.0467,0.0092,0.0201,0,-0.0282,-0.025
0.1954,0.063057415,0.009942585,0.0611,0,-0.215,-0.0471,0.0093,0.0204,0,0.0249,-0.025
0.2022,0.06393,0.01087,0.062,0,-0.2168,-0.0474,0.0094,0.0207,0,0.0121,-0.025
0.2083,0.06480152,0.01199848,0.0629,0,-0.2185,-0.0478,0.0096,0.021,0,0.0149,-0.075
0.2123,0.065671995,0.013128005,0.0638,0,-0.2203,-0.0481,0.0097,0.0213,0,0.0002,-0.05
0.2151,0.06654142,0.01425858,0.0647,0,-0.222,-0.0485,0.0098,0.0215,0,-0.0153,-0.025
0.2176,0.06741228,0.01528772,0.0656,0,-0.2238,-0.0489,0.0099,0.0218,0,-0.0289,-0.15
0.2186,0.06828216,0.01611784,0.0665,0,-0.2255,-0.0492,0.0101,0.0221,0,-0.0329,-0.125
0.2193,0.069151066,0.016948934,0.0674,0,-0.2273,-0.0496,0.0102,0.0224,0,-0.0409,-0.075
0.2207,0.070019,0.017681,0.0683,0,-0.229,-0.05,0.0104,0.0227,0,-0.044,-0.05
0.2221,0.07088596,0.01821404,0.0692,0,-0.2308,-0.0504,0.0105,0.023,0,-0.0393,-0.025
0.2244,0.07185941,0.01884059,0.0701,0,-0.2325,-0.0508,0.0107,0.0233,0,-0.0068,-0.025
0.228,0.07283163,0.01956837,0.071,0,-0.2343,-0.0512,0.0108,0.0235,0,-0.0191,-0.025
0.2323,0.073802605,0.020497395,0.0718,0,-0.236,-0.0516,0.0109,0.0238,0,-0.0306,-1.175
0.2375,0.07477234,0.02142766,0.0727,0,-0.2377,-0.052,0.0111,0.0241,0,0.0179,-3.575
0.2435,0.07574085,0.02255915,0.0736,0,-0.2395,-0.0525,0.0112,0.0244,0,0.0024,-1.575
0.2504,0.076817684,0.023582316,0.0745,0,-0.2412,-0.0529,0.0114,0.0247,0,-0.0139,-0.9
0.2578,0.07789306,0.02440694,0.0754,0,-0.243,-0.0533,0.0115,0.025,0,-0.0325,-0.925
0.2658,0.07896699,0.02513301,0.0763,0,-0.2447,-0.0538,0.0117,0.0252,0,-0.0369,-0.55
0.2742,0.08003948,0.02566052,0.0772,0,-0.2465,-0.0543,0.0118,0.0255,0,-0.0413,-0.725
0.2832,0.08111054,0.02598946,0.0781,0,-0.2482,-0.0547,0.012,0.0258,0,-0.0414,-0.975
0.2927,0.082296155,0.026003845,0.079,0,-0.25,-0.0552,0.0122,0.0261,0,-0.0197,-0.75
0.3016,0.083480306,0.025719694,0.0799,0,-0.2517,-0.0557,0.0123,0.0264,0,0.0044,-0.55
0.3106,0.084662996,0.025337004,0.0808,0,-0.2535,-0.0562,0.0125,0.0267,0,0.0351,-0.225
0.3189,0.08584423,0.02475577,0.0817,0,-0.2552,-0.0567,0.0127,0.0269,0,0.0719,-0.1
0.3249,0.087024026,0.024175974,0.0826,0,-0.257,-0.0572,0.0129,0.0272,0,0.0517,-0.025
0.3298,0.08852153,0.02307847,0.0834,0,-0.2587,-0.0578,0.0131,0.0275,0,0.0225,-0.45
0.3338,0.09001664,0.02248336,0.0843,0,-0.2605,-0.0583,0.0133,0.0278,0,-0.003,-0.425
0.3357,0.09150937,0.02199063,0.0852,0,-0.2622,-0.0589,0.0135,0.0281,0,-0.0122,-0.3
0.3371,0.09299974,0.02200026,0.0861,0,-0.2639,-0.0594,0.0137,0.0284,0,-0.0168,-0.125
0.3391,0.09448775,0.02271225,0.087,0,-0.2657,-0.06,0.014,0.0287,0,-0.0276,-0.05
0.3408,0.096700564,0.022999436,0.0879,0,-0.2678,-0.0605,0.0143,0.0292,0,-0.043,-0.025
0.3438,0.09890747,0.02399253,0.0888,0,-0.2698,-0.061,0.0146,0.0298,0,-0.0475,-0.5
0.3489,0.10110851,0.02549149,0.0897,0,-0.2719,-0.0615,0.0149,0.0304,0,-0.0362,-1.8
0.3553,0.10330371,0.02689629,0.0906,0,-0.274,-0.062,0.0153,0.031,0,0.0106,-0.8
0.3618,0.10549313,0.02850687,0.0915,0,-0.2761,-0.0625,0.0156,0.0316,0,-0.016,-0.325
0.3686,0.10788763,0.02991237,0.0924,0,-0.2781,-0.063,0.016,0.0322,0,0.0277,-0.175
0.3761,0.11027543,0.03092457,0.0933,0,-0.2802,-0.0635,0.0163,0.0328,0,-0.0007,-0.225
0.383,0.11265657,0.03194343,0.0942,0,-0.2823,-0.0641,0.0167,0.0334,0,0.0198,-0.25
0.3888,0.1150311,0.0328689,0.095,-0.0005,-0.2844,-0.0646,0.017,0.034,0,-0.0016,-0.1
0.3945,0.11739905,0.03390095,0.0959,-0.0005,-0.2864,-0.0651,0.0174,0.0346,0,-0.006,-0.075
0.4002,0.12006738,0.03473262,0.0971,-0.0005,-0.2876,-0.0657,0.0178,0.0346,0,-0.032,-0.05
0.4056,0.12272742,0.03577258,0.0983,-0.0005,-0.2887,-0.0663,0.0182,0.0347,0,-0.0448,-0.475
0.4118,0.12537923,0.03712077,0.0995,-0.0005,-0.2898,-0.0669,0.0186,0.0348,0,-0.042,-0.6
0.4193,0.1280229,0.0385771,0.1007,-0.0005,-0.291,-0.0675,0.019,0.0349,0,-0.0332,-0.25
0.4272,0.13065849,0.04014151,0.1019,-0.001,-0.2921,-0.0681,0.0194,0.035,0,0.0133,-0.1
0.4356,0.13358644,0.04181356,0.103,-0.001,-0.2932,-0.0687,0.0198,0.0351,0,0.0682,-0.075
0.4446,0.13650438,0.04359562,0.1042,-0.001,-0.2944,-0.0693,0.0202,0.0351,0,0.0859,-0.05
0.4528,0.13941245,0.04518755,0.1054,-0.001,-0.2955,-0.0699,0.0207,0.0352,0,0.1213,-0.05
0.4599,0.14231071,0.04668929,0.1066,-0.0015,-0.2966,-0.0706,0.0211,0.0353,0,0.0727,-0.05
0.4664,0.14519922,0.04770078,0.1078,-0.001,-0.2977,-0.0713,0.0215,0.0354,0,0.0392,-0.225
0.4719,0.14820673,0.04799327,0.109,-0.001,-0.3016,-0.0719,0.022,0.0355,0,0.0123,-0.2
0.4764,0.15120518,0.04769482,0.1102,-0.0015,-0.3054,-0.0726,0.0224,0.0357,0,-0.0134,-0.075
0.4813,0.15419468,0.04670532,0.1113,-0.0015,-0.3092,-0.0733,0.0229,0.0358,0,-0.0245,-0.025
0.4863,0.1571753,0.0460247,0.1125,-0.0015,-0.313,-0.0741,0.0233,0.036,0,-0.0288,-0.075
0.4913,0.16014712,0.04505288,0.1137,-0.0015,-0.3169,-0.0748,0.0238,0.0361,0,-0.0154,-0.075
0.4968,0.16299799,0.04440201,0.1149,-0.002,-0.3207,-0.0756,0.0242,0.0362,0,0.0202,-0.05
0.5031,0.16584028,0.04455972,0.1161,-0.002,-0.3245,-0.0764,0.0246,0.0364,0,0.0634,-0.05
0.5099,0.16867411,0.04502589,0.1173,-0.002,-0.3283,-0.0771,0.025,0.0365,0,0.0327,-0.125
0.5166,0.17149952,0.04600048,0.1185,-0.002,-0.3321,-0.078,0.0254,0.0367,0.0001,0.0283,-0.25
0.5232,0.17431659,0.04718341,0.1196,-0.0025,-0.336,-0.0788,0.0258,0.0368,0.0002,0.0478,-0.15
0.5297,0.17701662,0.04858338,0.1218,-0.0025,-0.3377,-0.0796,0.0263,0.0373,0.0002,0.0085,-0.125
0.536,0.17970864,0.05009136,0.1239,-0.0025,-0.3395,-0.0805,0.0267,0.0377,0.0002,-0.016,-0.2
0.5421,0.18239272,0.05130728,0.1261,-0.0025,-0.3413,-0.0814,0.027,0.0382,0.0002,-0.0285,-0.175
0.5484,0.18506889,0.05223111,0.1282,-0.003,-0.3431,-0.0823,0.0274,0.0386,0.0002,-0.0271,-0.1
0.5553,0.18773727,0.05296273,0.1304,-0.003,-0.3449,-0.0832,0.0278,0.0391,0.0003,-0.0078,-0.1
0.5626,0.190118,0.053782,0.1326,-0.003,-0.3467,-0.0842,0.0282,0.0395,0.0003,0.0675,-0.075
0.5695,0.1924927,0.0546073,0.1347,-0.003,-0.3485,-0.0852,0.0286,0.04,0.0003,0.0887,-0.075
0.5769,0.1948614,0.0556386,0.1369,-0.003,-0.3503,-0.0862,0.0289,0.0404,0.0004,0.0803,-0.125
0.5844,0.19722417,0.05657583,0.139,-0.0035,-0.352,-0.0872,0.0293,0.0409,0.0004,0.0944,-0.1
0.5904,0.19958101,0.05781899,0.1412,-0.0035,-0.3538,-0.0882,0.0296,0.0414,0.0004,0.0697,-0.075
0.5948,0.2021307,0.0587693,0.1433,-0.0035,-0.3578,-0.0893,0.03,0.0418,0.0004,0.0568,-0.05
0.5982,0.20467386,0.05952614,0.1455,-0.0035,-0.3618,-0.0904,0.0304,0.0422,0.0004,0.0302,-0.1
0.5993,0.20721054,0.05998946,0.1476,-0.004,-0.3658,-0.0915,0.0307,0.0426,0.0004,-0.0053,-0.1
0.5989,0.20974082,0.06045918,0.1498,-0.004,-0.3698,-0.0926,0.0311,0.043,0.0005,-0.0105,-0.05
0.5988,0.21226469,0.06083531,0.1519,-0.004,-0.3738,-0.0938,0.0315,0.0434,0.0008,0.0191,-0.05
0.5985,0.21535082,0.06084918,0.1541,-0.0045,-0.3778,-0.095,0.0319,0.0438,0.0012,0.0246,-0.05
0.5978,0.21842787,0.06087213,0.1562,-0.0045,-0.3818,-0.0962,0.0323,0.0443,0.0015,0.0932,-0.05
0.5984,0.2214959,0.0615041,0.1584,-0.0045,-0.3858,-0.0974,0.0328,0.0447,0.0016,0.1464,-0.05
0.6007,0.22455502,0.06224498,0.1605,-0.005,-0.3899,-0.0987,0.0333,0.0451,0.0018,0.1232,-0.075
0.6038,0.22760524,0.06309476,0.1627,-0.005,-0.3939,-0.1,0.0338,0.0455,0.0019,0.1095,-0.075
0.6084,0.23171479,0.06438521,0.1677,-0.005,-0.409,-0.1015,0.0343,0.0461,0.0021,0.0368,-0.05
0.6151,0.23580696,0.06569304,0.1728,-0.0055,-0.4242,-0.1029,0.0349,0.0466,0.0023,0.045,-0.1
0.6228,0.23988193,0.06791807,0.1779,-0.0055,-0.4394,-0.1045,0.0355,0.0472,0.0025,0.0247,-0.075
0.6313,0.2439399,0.0713601,0.1829,-0.006,-0.4546,-0.106,0.0361,0.0478,0.0027,0.0026,-0.1
0.6409,0.24798107,0.07541893,0.188,-0.006,-0.4697,-0.1075,0.0368,0.0483,0.003,0.0154,-0.05
0.651,0.25242466,0.07967534,0.193,-0.0065,-0.4849,-0.1091,0.0375,0.0489,0.0033,0.0636,-0.025
0.6619,0.2572944,0.0837056,0.1981,-0.0065,-0.5001,-0.1107,0.0382,0.0495,0.0037,0.1287,-0.025
0.6733,0.26216277,0.08723723,0.2031,-0.007,-0.5153,-0.1123,0.039,0.05,0.0038,0.1943,0
0.6853,0.26745814,0.09024186,0.2082,-0.0075,-0.5304,-0.1139,0.0397,0.0506,0.004,0.1591,0
0.6976,0.27273417,0.09326583,0.2132,-0.008,-0.5456,-0.1155,0.0405,0.0512,0.004,0.1507,-0.125
0.7094,0.27800006,0.09619994,0.2183,-0.008,-0.5629,-0.117,0.0413,0.0509,0.004,0.1103,-0.275
0.7194,0.2836848,0.0991152,0.2233,-0.0085,-0.5802,-0.1186,0.0422,0.0506,0.0042,0.0506,-0.325
0.727,0.28933126,0.10246874,0.2284,-0.009,-0.5975,-0.1201,0.043,0.0504,0.0045,0.0381,-1.15
0.7353,0.29495713,0.10664287,0.2334,-0.0095,-0.6148,-0.1216,0.0439,0.0501,0.0048,0.0194,-1.8
0.748,0.3009747,0.1112253,0.2385,-0.0105,-0.6321,-0.1231,0.0448,0.0499,0.0053,0.0079,-1.075
0.7624,0.30737677,0.11642323,0.2435,-0.011,-0.6495,-0.1246,0.0457,0.0496,0.0058,0.0116,-0.575
0.7777,0.313298,0.123302,0.2486,-0.0115,-0.6668,-0.126,0.0466,0.0493,0.0069,0.0549,-0.375
0.794,0.31959856,0.13110144,0.2536,-0.0125,-0.6841,-0.1274,0.0475,0.0491,0.0078,0.0861,-0.675
0.8113,0.3262712,0.1397288,0.2587,-0.0135,-0.7014,-0.1287,0.0485,0.0488,0.0087,0.0772,-0.85
0.8284,0.33246472,0.15023528,0.2637,-0.014,-0.7187,-0.13,0.0495,0.0486,0.0091,0.0923,-0.425
0.8457,0.33903536,0.16126464,0.2704,-0.0155,-0.7219,-0.1312,0.0504,0.0488,0.0092,0.0821,-0.15
0.8652,0.34555396,0.17314604,0.277,-0.0165,-0.7251,-0.1324,0.0514,0.0491,0.0094,0.0757,-0.1
0.8849,0.35203126,0.18606874,0.2837,-0.0175,-0.7284,-0.1335,0.0524,0.0494,0.0098,0.0438,-0.2
0.9036,0.3585,0.1993,0.2904,-0.019,-0.7316,-0.1346,0.0534,0.0496,0.0096,0.0232,-0.325
0.9201,0.36492985,0.21307015,0.297,-0.0205,-0.7348,-0.1356,0.0544,0.0499,0.0098,0.006,-0.75
0.9376,0.3717459,0.2259541,0.3037,-0.022,-0.738,-0.1365,0.0554,0.0501,0.0102,-0.0031,-0.35
0.9604,0.37812036,0.23887964,0.3104,-0.0235,-0.7413,-0.1375,0.0563,0.0504,0.0105,0.0395,-0.125
0.9871,0.3844585,0.2517415,0.317,-0.0255,-0.7445,-0.1383,0.0573,0.0507,0.011,0.1291,-0.2
1.0175,0.39114484,0.26445516,0.3237,-0.027,-0.7477,-0.1392,0.0583,0.0509,0.0119,0.1671,-0.225
1.0456,0.39817253,0.27722747,0.3303,-0.029,-0.751,-0.1399,0.0593,0.0512,0.0121,0.1501,-0.125
1.0657,0.40592507,0.28977493,0.3346,-0.031,-0.7631,-0.1407,0.0605,0.0507,0.0118,0.1466,-0.125
1.0849,0.4135869,0.3036131,0.3389,-0.033,-0.7753,-0.1414,0.0617,0.0503,0.0119,0.0938,-1.325
1.1095,0.4208217,0.3165783,0.3432,-0.0345,-0.7875,-0.142,0.0627,0.0498,0.0122,0.0906,-1.875
1.1356,0.42728028,0.32931972,0.3475,-0.0365,-0.7996,-0.1426,0.0637,0.0494,0.0131,0.0163,-0.75
1.1579,0.43250668,0.34379332,0.3517,-0.038,-0.8118,-0.1432,0.0645,0.0489,0.0138,0.0114,-0.325
1.18,0.43740454,0.35719546,0.356,-0.04,-0.824,-0.1438,0.0653,0.0485,0.0149,0.0124,-0.35
1.2084,0.441903,0.371097,0.3603,-0.0415,-0.8361,-0.1443,0.066,0.048,0.0159,0.0148,-0.25
1.2398,0.44638374,0.38561626,0.3646,-0.0435,-0.8483,-0.1448,0.0666,0.0476,0.0169,0.0951,-0.2
1.2664,0.45000267,0.40279733,0.3689,-0.0455,-0.8605,-0.1452,0.0672,0.0471,0.0175,0.1506,-0.15
1.2867,0.45363474,0.41806526,0.3731,-0.0475,-0.8726,-0.1456,0.0678,0.0467,0.0186,0.1175,-0.15
1.3045,0.4576673,0.4301327,0.3746,-0.0495,-0.8776,-0.146,0.0684,0.046,0.0185,0.126,-1.35
1.3179,0.46058223,0.43911777,0.3761,-0.0515,-0.8826,-0.1464,0.0688,0.0453,0.0204,0.1367,-3.025
1.3318,0.4624017,0.4463983,0.3775,-0.0535,-0.8875,-0.1467,0.0691,0.0447,0.0222,0.0628,-1.225
1.3535,0.4642181,0.4516819,0.379,-0.055,-0.8925,-0.147,0.0693,0.044,0.0237,0.0265,-0.5
1.3808,0.46561992,0.45708008,0.3804,-0.056,-0.8974,-0.1473,0.0696,0.0433,0.0253,0.0203,-0.25
1.4038,0.46699226,0.46270774,0.3819,-0.0565,-0.9024,-0.1476,0.0698,0.0427,0.0267,0.003,-0.175
1.4282,0.46908754,0.46781246,0.3833,-0.0565,-0.9074,-0.1479,0.0701,0.042,0.0281,0.016,-0.125
1.4591,0.4719013,0.4721987,0.3848,-0.0565,-0.9123,-0.1481,0.0705,0.0413,0.0291,0.0624,-0.075
1.4891,0.4739716,0.4775284,0.3862,-0.056,-0.9173,-0.1483,0.0709,0.0407,0.0308,0.1039,-0.05
1.5104,0.47458237,0.48191763,0.3877,-0.056,-0.9222,-0.1485,0.071,0.04,0.0331,0.1272,-0.05
1.5324,0.4744858,0.4866142,0.3889,-0.055,-0.92,-0.1487,0.071,0.04,0.0332,0.1144,-0.05
1.5625,0.47475654,0.49064346,0.3901,-0.0545,-0.9178,-0.1489,0.0711,0.04,0.033,0.1082,-0.05
1.5941,0.47540772,0.49399228,0.3914,-0.054,-0.9156,-0.149,0.0712,0.04,0.0341,0.0416,-0.075
1.6242,0.4753113,0.4977887,0.3926,-0.053,-0.9133,-0.1492,0.0712,0.04,0.0378,0.0123,-0.05
1.6543,0.47520125,0.50119875,0.3938,-0.0525,-0.9111,-0.1493,0.0712,0.04,0.04,-0.0107,-0.075
1.6839,0.47510508,0.50549492,0.3951,-0.052,-0.9089,-0.1495,0.0712,0.04,0.0417,-0.0164,-0.1
1.7106,0.4768264,0.5091736,0.3963,-0.0515,-0.9067,-0.1496,0.0714,0.04,0.0443,-0.0168,-0.1
1.7361,0.4789097,0.5133903,0.3975,-0.051,-0.9044,-0.1497,0.0718,0.04,0.0459,-0.0247,-0.1
1.7621,0.48060995,0.51789005,0.3988,-0.0505,-0.9022,-0.1499,0.0721,0.04,0.0442,-0.0267,-0.125
1.7888,0.48267075,0.52262925,0.4,-0.05,-0.9,-0.15,0.0724,0.04,0.0478,0.0011,-0.1
